8AF7D4E5;10;2030-03-17 23:59:59.000;6
32CF456E;10;2030-03-17 23:59:59.000;6
1F70DB62;6;2030-03-15 23:59:59.000;2
F1BA81DD;6;2030-03-15 23:59:59.000;2
FF9847E6;3;2030-02-17 23:59:59.000;2
99B8698D;6;2030-02-07 23:59:59.000;1
2383E162;5;2030-02-05 23:59:59.000;2
EA74BFBC;10;2030-02-02 23:59:59.000;0
99B1ADFD;8;2030-02-02 23:59:59.000;0
237A8C52;5;2030-01-26 23:59:59.000;2
99B60DFD;5;2030-01-21 23:59:59.000;4
1F6FAFE2;9;2030-01-20 23:59:59.000;0
99B1F85D;5;2030-01-20 23:59:59.000;2
32BA024E;11;2030-01-20 23:59:59.000;8
9AE13A2C;10;2030-01-17 23:59:59.000;0
32DFD74E;10;2030-01-17 23:59:59.000;0
3317603E;10;2030-01-16 23:59:59.000;2
237ACE32;5;2030-01-16 23:59:59.000;4
9AE1E63C;5;2030-01-16 23:59:59.000;4
32D3A61E;5;2030-01-16 23:59:59.000;2
9AE14F4C;5;2030-01-16 23:59:59.000;2
329B0D0E;5;2030-01-16 23:59:59.000;2
F1BA3E6D;6;2030-01-16 23:59:59.000;2
EA87A77C;6;2030-01-16 23:59:59.000;4
0E126532;10;2030-01-15 23:59:59.000;0
23886112;5;2030-01-14 23:59:59.000;4
9AE8DB6C;5;2030-01-14 23:59:59.000;4
D1530B80;10;2030-01-13 23:59:59.000;0
2383DDE2;10;2030-01-13 23:59:59.000;2
237879C2;10;2030-01-12 23:59:59.000;8
1F72AB02;3;2030-01-12 23:59:59.000;2
F1BA14ED;5;2030-01-11 23:59:59.000;4
7F47908E;5;2030-01-11 23:59:59.000;2
EA7F5B8C;9;2030-01-09 23:59:59.000;2
2384DBB2;9;2030-01-07 23:59:59.000;2
9ADD8E2C;9;2030-01-05 23:59:59.000;8
9AE1AC9C;5;2030-01-03 23:59:59.000;2
1F729342;5;2030-01-03 23:59:59.000;2
E4259DDD;5;2030-01-03 23:59:59.000;4
99BD068D;2;2030-01-03 23:59:59.000;1
32B67C4E;10;2030-01-02 23:59:59.000;6
7F47605E;10;2030-01-02 23:59:59.000;4
EA82145C;9;2030-01-02 23:59:59.000;4
1F6CF002;8;2030-01-01 23:59:59.000;6
F1BA506D;10;2030-01-01 23:59:59.000;8
9AE127CC;10;2029-12-31 23:59:59.000;6
1F6D9FF2;10;2029-12-30 23:59:59.000;4
1F6DA772;10;2029-12-30 23:59:59.000;8
1F6F2592;10;2029-12-30 23:59:59.000;8
EA85892C;10;2029-12-29 23:59:59.000;4
E4285BCD;5;2029-12-29 23:59:59.000;2
1F73F722;5;2029-12-29 23:59:59.000;2
32D4A85E;10;2029-12-28 23:59:59.000;4
237BA562;10;2029-12-27 23:59:59.000;4
0E099A02;5;2029-12-26 23:59:59.000;2
23841782;5;2029-12-26 23:59:59.000;2
091D9EC2;5;2029-12-23 23:59:59.000;2
329CB2FE;5;2029-12-23 23:59:59.000;2
EA7C120C;5;2029-12-19 23:59:59.000;2
1F6C6612;5;2029-12-19 23:59:59.000;2
9AE11F1C;5;2029-12-19 23:59:59.000;4
237A25C2;5;2029-12-19 23:59:59.000;4
9AE9832C;3;2029-12-18 23:59:59.000;2
99B63B4D;9;2029-12-18 23:59:59.000;8
9AE99C8C;10;2029-12-17 23:59:59.000;0
FFA0DC66;10;2029-12-15 23:59:59.000;8
09214892;13;2029-12-15 23:59:59.000;4
F1B53F2D;9;2029-12-12 23:59:59.000;2
2385FD12;10;2029-12-11 23:59:59.000;0
A5836DE4;10;2029-12-11 23:59:59.000;0
23827D52;5;2029-12-11 23:59:59.000;4
EA85F66C;8;2029-12-09 23:59:59.000;4
1F6F9642;5;2029-12-09 23:59:59.000;4
2379D962;5;2029-12-09 23:59:59.000;4
C6626EFB;9;2029-12-08 23:59:59.000;8
32D13A1E;10;2029-12-08 23:59:59.000;6
F1B4C25D;11;2029-12-07 23:59:59.000;6
32F1923E;4;2029-12-05 23:59:59.000;2
D159A100;10;2029-12-05 23:59:59.000;0
0E1A7942;9;2029-12-03 23:59:59.000;8
7242FE8B;5;2029-12-03 23:59:59.000;0
237CA582;5;2029-12-03 23:59:59.000;0
9AEA386C;10;2029-12-03 23:59:59.000;6
32C211DE;5;2029-12-01 23:59:59.000;2
99B0B53D;5;2029-12-01 23:59:59.000;0
EA73D61C;5;2029-12-01 23:59:59.000;0
0E28AFB2;10;2029-11-29 23:59:59.000;8
1F6D2DE2;5;2029-11-29 23:59:59.000;2
D1596FC0;5;2029-11-29 23:59:59.000;2
39029412;10;2029-11-29 23:59:59.000;2
3302292E;5;2029-11-27 23:59:59.000;4
32CAD2EE;5;2029-11-27 23:59:59.000;4
1F73AF62;10;2029-11-27 23:59:59.000;4
E425D2DD;10;2029-11-26 23:59:59.000;4
90036B0E;10;2029-11-26 23:59:59.000;3
99BB7EFD;9;2029-11-25 23:59:59.000;2
9AE12C9C;9;2029-11-25 23:59:59.000;3
F1B58D9D;5;2029-11-24 23:59:59.000;2
1F6EEC22;10;2029-11-23 23:59:59.000;4
D156BB10;8;2029-11-22 23:59:59.000;6
EA7ABF7C;10;2029-11-21 23:59:59.000;8
F1BA98DD;10;2029-11-21 23:59:59.000;8
F1BE168D;13;2029-11-20 23:59:59.000;12
23883A82;10;2029-11-20 23:59:59.000;3
D1477ED0;4;2029-11-19 23:59:59.000;0
09200902;10;2029-11-18 23:59:59.000;0
1F6F7D22;10;2029-11-18 23:59:59.000;0
237A9192;10;2029-11-13 23:59:59.000;6
1F6D4612;10;2029-11-13 23:59:59.000;4
1F6F8F82;10;2029-11-13 23:59:59.000;2
2385DB82;10;2029-11-13 23:59:59.000;0
5BD8F28A;9;2029-11-12 23:59:59.000;8
EA84F80C;10;2029-11-12 23:59:59.000;8
9AE1F4EC;10;2029-11-11 23:59:59.000;8
1F700DA2;8;2029-11-11 23:59:59.000;2
32B682FE;5;2029-11-10 23:59:59.000;4
1F701E72;5;2029-11-10 23:59:59.000;4
D1481E20;5;2029-11-09 23:59:59.000;2
D1352650;5;2029-11-09 23:59:59.000;2
32E1848E;10;2029-11-09 23:59:59.000;8
32BFB31E;10;2029-11-09 23:59:59.000;8
EA7E32CC;5;2029-11-06 23:59:59.000;0
F1B069BD;5;2029-11-06 23:59:59.000;0
D13D6C30;10;2029-11-04 23:59:59.000;4
99BAFD9D;5;2029-11-04 23:59:59.000;0
9AE1B0DC;5;2029-11-04 23:59:59.000;0
1F6C7792;10;2029-11-02 23:59:59.000;2
5727FB5D;10;2029-11-02 23:59:59.000;2
9AE12C1C;5;2029-11-02 23:59:59.000;2
9AE1A15C;5;2029-11-02 23:59:59.000;2
23865CC2;5;2029-11-01 23:59:59.000;4
61374530;5;2029-11-01 23:59:59.000;3
9AE1FBDC;5;2029-11-01 23:59:59.000;4
237A8702;5;2029-11-01 23:59:59.000;4
142FA6FC;10;2029-10-29 23:59:59.000;0
E42E239D;10;2029-10-27 23:59:59.000;2
2389E522;10;2029-10-26 23:59:59.000;4
E42B565D;10;2029-10-26 23:59:59.000;2
900DCDDE;5;2029-10-24 23:59:59.000;4
331A570E;5;2029-10-24 23:59:59.000;4
99AFD2AD;5;2029-10-24 23:59:59.000;0
F1B4C26D;10;2029-10-20 23:59:59.000;6
32F27B7E;9;2029-10-20 23:59:59.000;2
E42AF0AD;8;2029-10-19 23:59:59.000;2
1F6D33F2;10;2029-10-18 23:59:59.000;6
EA7D299C;10;2029-10-18 23:59:59.000;6
9AE1F5AC;3;2029-10-17 23:59:59.000;2
237BA6A2;3;2029-10-17 23:59:59.000;2
3905A082;6;2029-10-17 23:59:59.000;2
90008FBE;9;2029-10-16 23:59:59.000;0
1F7025B2;10;2029-10-16 23:59:59.000;2
2383BDA2;10;2029-10-16 23:59:59.000;6
331D9A8E;10;2029-10-15 23:59:59.000;2
331772CE;5;2029-10-15 23:59:59.000;3
F1BAEB8D;10;2029-10-14 23:59:59.000;6
E430057D;5;2029-10-10 23:59:59.000;4
9AE86B9C;5;2029-10-10 23:59:59.000;4
D14A4030;5;2029-10-09 23:59:59.000;1
33019B0E;5;2029-10-09 23:59:59.000;2
9AE9831C;10;2029-10-08 23:59:59.000;8
1F6C6822;5;2029-10-06 23:59:59.000;4
2387D3B2;5;2029-10-06 23:59:59.000;4
331A670E;7;2029-10-05 23:59:59.000;2
9AE1E22C;10;2029-10-04 23:59:59.000;7
E42EE87D;5;2029-10-02 23:59:59.000;4
238A0BB2;5;2029-10-02 23:59:59.000;4
9AE1F68C;10;2029-10-01 23:59:59.000;6
A582EAA4;10;2029-10-01 23:59:59.000;0
9AE84C0C;5;2029-09-30 23:59:59.000;1
9AE1CF2C;5;2029-09-30 23:59:59.000;2
FF984E66;5;2029-09-27 23:59:59.000;2
142FB80C;5;2029-09-27 23:59:59.000;2
0E0E7122;10;2029-09-26 23:59:59.000;4
EA7EC06C;10;2029-09-26 23:59:59.000;2
1F6C5722;10;2029-09-24 23:59:59.000;4
D11F1DF0;7;2029-09-23 23:59:59.000;6
1F6DBEE2;8;2029-09-23 23:59:59.000;0
2387E4A2;10;2029-09-21 23:59:59.000;0
A56E3034;10;2029-09-20 23:59:59.000;4
9AE1650C;10;2029-09-20 23:59:59.000;4
23847DB2;10;2029-09-20 23:59:59.000;2
1F6DB872;5;2029-09-19 23:59:59.000;2
9AE12C5C;5;2029-09-19 23:59:59.000;2
E42B586D;5;2029-09-19 23:59:59.000;2
F1BAC96D;10;2029-09-19 23:59:59.000;4
F1BA400D;10;2029-09-19 23:59:59.000;4
1F6BB532;10;2029-09-18 23:59:59.000;6
EA85644C;9;2029-09-18 23:59:59.000;6
F1BAB1BD;3;2029-09-18 23:59:59.000;2
23846A12;3;2029-09-18 23:59:59.000;2
6107B2E0;5;2029-09-18 23:59:59.000;2
091DA492;5;2029-09-18 23:59:59.000;4
F1BA40FD;3;2029-09-17 23:59:59.000;2
C64CD91B;3;2029-09-17 23:59:59.000;2
F1B5849D;5;2029-09-16 23:59:59.000;4
9AE1656C;5;2029-09-16 23:59:59.000;4
238245D2;8;2029-09-16 23:59:59.000;2
23858E22;9;2029-09-15 23:59:59.000;6
0E161772;10;2029-09-15 23:59:59.000;4
E430461D;5;2029-09-14 23:59:59.000;4
9AE1E14C;9;2029-09-10 23:59:59.000;2
32F90ADE;17;2029-09-08 23:59:59.000;4
EA78E94C;6;2029-09-07 23:59:59.000;2
2DDAE75C;5;2029-09-06 23:59:59.000;3
32BCAD0E;5;2029-09-06 23:59:59.000;4
D13409F0;3;2029-09-03 23:59:59.000;2
D12C8D40;2;2029-09-03 23:59:59.000;0
E42E41AD;9;2029-09-01 23:59:59.000;4
9AE1D82C;10;2029-09-01 23:59:59.000;0
2385A012;3;2029-08-26 23:59:59.000;1
0E186962;3;2029-08-26 23:59:59.000;2
F1B4BF1D;10;2029-08-25 23:59:59.000;4
1F6FC152;4;2029-08-25 23:59:59.000;2
9AE15E4C;4;2029-08-25 23:59:59.000;2
32D11A7E;10;2029-08-20 23:59:59.000;8
5EB829DE;9;2029-08-18 23:59:59.000;5
2382BE72;5;2029-08-18 23:59:59.000;4
F1BA821D;5;2029-08-12 23:59:59.000;0
1F6B6E72;5;2029-08-12 23:59:59.000;0
F1BA4DBD;5;2029-08-10 23:59:59.000;2
FFA0E8A6;5;2029-08-10 23:59:59.000;1
99B5EC8D;5;2029-08-10 23:59:59.000;0
329AE71E;8;2029-08-08 23:59:59.000;4
32B3E76E;5;2029-08-06 23:59:59.000;4
331A572E;5;2029-08-06 23:59:59.000;4
32DD5AAE;10;2029-08-06 23:59:59.000;6
C6FD638D;5;2029-08-04 23:59:59.000;2
F1BA130D;5;2029-08-04 23:59:59.000;2
32DF56CE;10;2029-08-03 23:59:59.000;0
0E3EC262;5;2029-08-02 23:59:59.000;4
99B3548D;5;2029-08-02 23:59:59.000;4
32BF4BAE;5;2029-07-31 23:59:59.000;2
9001E8FE;18;2029-07-31 23:59:59.000;6
32D3A66E;10;2029-07-31 23:59:59.000;0
331D9ADE;10;2029-07-31 23:59:59.000;0
1F72A442;10;2029-07-31 23:59:59.000;0
0E1EDB52;10;2029-07-31 23:59:59.000;0
331E46AE;10;2029-07-31 23:59:59.000;0
32C5435E;10;2029-07-31 23:59:59.000;0
32D4992E;10;2029-07-31 23:59:59.000;0
9AE6E06C;10;2029-07-31 23:59:59.000;0
32B55CCE;10;2029-07-30 23:59:59.000;8
3302314E;10;2029-07-30 23:59:59.000;0
32FC3B5E;10;2029-07-30 23:59:59.000;0
99B3DC0D;5;2029-07-30 23:59:59.000;4
1F6EDC62;5;2029-07-30 23:59:59.000;4
E36B9633;10;2029-07-30 23:59:59.000;8
2D4E23AC;7;2029-07-30 23:59:59.000;4
32EC725E;10;2029-07-29 23:59:59.000;0
329D514E;10;2029-07-29 23:59:59.000;0
331984DE;10;2029-07-28 23:59:59.000;4
F1BACF1D;10;2029-07-28 23:59:59.000;0
2A278170;10;2029-07-28 23:59:59.000;0
F1BA420D;10;2029-07-28 23:59:59.000;9
1E70A22C;5;2029-07-27 23:59:59.000;0
330231EE;5;2029-07-27 23:59:59.000;0
1F6DB752;10;2029-07-27 23:59:59.000;0
331DA98E;10;2029-07-27 23:59:59.000;2
329D7BAE;10;2029-07-26 23:59:59.000;6
9AE12BEC;10;2029-07-26 23:59:59.000;0
1F6D33E2;10;2029-07-26 23:59:59.000;3
33018A7E;10;2029-07-26 23:59:59.000;4
E43029ED;10;2029-07-26 23:59:59.000;0
EA7E42DC;10;2029-07-25 23:59:59.000;0
EF83777D;10;2029-07-25 23:59:59.000;4
C314D52E;10;2029-07-25 23:59:59.000;2
09214832;10;2029-07-25 23:59:59.000;2
23865DB2;5;2029-07-25 23:59:59.000;0
32F9279E;5;2029-07-25 23:59:59.000;0
32ABC42E;5;2029-07-25 23:59:59.000;4
32B54E2E;5;2029-07-25 23:59:59.000;4
32B6825E;5;2029-07-24 23:59:59.000;4
0E1DC122;5;2029-07-24 23:59:59.000;4
A5834684;10;2029-07-24 23:59:59.000;0
1F6DA822;5;2029-07-24 23:59:59.000;4
330166DE;5;2029-07-24 23:59:59.000;4
091FF8B2;10;2029-07-24 23:59:59.000;0
32C53D0E;10;2029-07-24 23:59:59.000;2
2384D9E2;10;2029-07-24 23:59:59.000;2
0E0C84A2;10;2029-07-24 23:59:59.000;2
32E0032E;10;2029-07-24 23:59:59.000;0
FFA0E906;5;2029-07-24 23:59:59.000;2
3320825E;5;2029-07-24 23:59:59.000;1
1429EAAC;10;2029-07-24 23:59:59.000;0
33206C6E;5;2029-07-24 23:59:59.000;3
0E417152;10;2029-07-24 23:59:59.000;4
32DFF2FE;5;2029-07-23 23:59:59.000;4
32F27BAE;5;2029-07-23 23:59:59.000;3
9AE154DC;10;2029-07-23 23:59:59.000;8
32FB5FCE;10;2029-07-23 23:59:59.000;8
A58188D4;9;2029-07-22 23:59:59.000;2
FF9F9426;9;2029-07-22 23:59:59.000;1
23788A32;20;2029-07-21 23:59:59.000;0
99B1F9DD;10;2029-07-21 23:59:59.000;2
1F6D3D82;10;2029-07-21 23:59:59.000;0
9AE1CF1C;9;2029-07-21 23:59:59.000;6
2383DCA2;10;2029-07-21 23:59:59.000;0
331A4F2E;20;2029-07-20 23:59:59.000;0
A5819724;10;2029-07-20 23:59:59.000;0
A582D0A4;10;2029-07-20 23:59:59.000;3
32B691AE;10;2029-07-20 23:59:59.000;0
2383E0F2;10;2029-07-20 23:59:59.000;0
3906B102;10;2029-07-20 23:59:59.000;1
2DDC810C;10;2029-07-19 23:59:59.000;0
5EBF4A5E;10;2029-07-19 23:59:59.000;0
2D4E125C;10;2029-07-19 23:59:59.000;8
FF9F8366;10;2029-07-19 23:59:59.000;0
33018BFE;10;2029-07-19 23:59:59.000;4
F1BA404D;10;2029-07-19 23:59:59.000;0
141DBF2C;5;2029-07-19 23:59:59.000;0
1F72A2D2;5;2029-07-19 23:59:59.000;0
0E253BE2;5;2029-07-19 23:59:59.000;0
32CF653E;5;2029-07-19 23:59:59.000;0
091DFE22;10;2029-07-19 23:59:59.000;6
32F8BCAE;5;2029-07-18 23:59:59.000;2
F1BA437D;5;2029-07-18 23:59:59.000;0
32B890BE;5;2029-07-17 23:59:59.000;4
9003631E;10;2029-07-17 23:59:59.000;0
E42E3F1D;20;2029-07-17 23:59:59.000;16
32CAE2BE;10;2029-07-17 23:59:59.000;5
1F6BBD82;10;2029-07-17 23:59:59.000;6
F1B53E8D;8;2029-07-17 23:59:59.000;4
9ADD829C;3;2029-07-16 23:59:59.000;0
D1318410;10;2029-07-16 23:59:59.000;8
09208522;5;2029-07-16 23:59:59.000;2
33083EBE;5;2029-07-16 23:59:59.000;2
F1BAE8CD;5;2029-07-16 23:59:59.000;2
D12C98B0;5;2029-07-16 23:59:59.000;2
23858F62;5;2029-07-16 23:59:59.000;0
E430D51D;5;2029-07-16 23:59:59.000;0
99B1383D;10;2029-07-16 23:59:59.000;6
32F90FFE;5;2029-07-15 23:59:59.000;4
EA880D8C;5;2029-07-15 23:59:59.000;4
0E233202;10;2029-07-15 23:59:59.000;0
3305805E;10;2029-07-15 23:59:59.000;0
EA846EEC;10;2029-07-15 23:59:59.000;5
EA76916C;6;2029-07-15 23:59:59.000;4
D15051C0;10;2029-07-14 23:59:59.000;2
1F6DBF02;10;2029-07-14 23:59:59.000;0
E42E676D;10;2029-07-14 23:59:59.000;0
1F6ED392;10;2029-07-14 23:59:59.000;0
1F6F43E2;10;2029-07-14 23:59:59.000;0
39057182;10;2029-07-14 23:59:59.000;2
D12C8E10;10;2029-07-14 23:59:59.000;0
F1BADC7D;10;2029-07-13 23:59:59.000;4
F1BA5D7D;10;2029-07-13 23:59:59.000;0
39058832;10;2029-07-13 23:59:59.000;6
32A24BCE;10;2029-07-13 23:59:59.000;0
1F6FAA82;10;2029-07-13 23:59:59.000;2
E42EC05D;10;2029-07-13 23:59:59.000;6
99BB872D;5;2029-07-13 23:59:59.000;4
E4300E7D;5;2029-07-13 23:59:59.000;4
9AE1B9AC;10;2029-07-13 23:59:59.000;9
A5810464;10;2029-07-13 23:59:59.000;7
F1BA8DAD;5;2029-07-13 23:59:59.000;4
D14E7F50;5;2029-07-13 23:59:59.000;1
23886272;10;2029-07-13 23:59:59.000;4
F1BAAC7D;5;2029-07-13 23:59:59.000;4
EA84F05C;10;2029-07-13 23:59:59.000;0
32B68BAE;10;2029-07-12 23:59:59.000;0
D15A33F0;10;2029-07-12 23:59:59.000;0
E430505D;10;2029-07-12 23:59:59.000;0
EA86DCAC;20;2029-07-12 23:59:59.000;4
EA784DEC;10;2029-07-12 23:59:59.000;8
C6F8DFED;9;2029-07-12 23:59:59.000;2
C6F80E7D;5;2029-07-12 23:59:59.000;2
9AE22C5C;5;2029-07-12 23:59:59.000;2
FFA0DC76;10;2029-07-12 23:59:59.000;0
FFA0DB06;5;2029-07-12 23:59:59.000;2
9AE1EE6C;5;2029-07-12 23:59:59.000;2
D159FDB0;10;2029-07-12 23:59:59.000;6
23788782;5;2029-07-12 23:59:59.000;2
D1492CA0;5;2029-07-12 23:59:59.000;2
1F700D82;5;2029-07-12 23:59:59.000;0
FFA1EBA6;5;2029-07-12 23:59:59.000;0
1F6D2D72;10;2029-07-12 23:59:59.000;0
7F4A00EE;9;2029-07-12 23:59:59.000;2
0E1CA392;10;2029-07-12 23:59:59.000;0
C6FFBCCD;10;2029-07-11 23:59:59.000;6
9AE1D75C;10;2029-07-11 23:59:59.000;6
EA7E3CEC;10;2029-07-11 23:59:59.000;6
2388A3A2;10;2029-07-11 23:59:59.000;2
D11D7B50;5;2029-07-11 23:59:59.000;4
1428784C;5;2029-07-11 23:59:59.000;3
A582C6F4;5;2029-07-11 23:59:59.000;4
1F6D9F22;10;2029-07-10 23:59:59.000;0
1F6BA7C2;10;2029-07-10 23:59:59.000;0
9ADE0FDC;10;2029-07-10 23:59:59.000;0
A58160D4;20;2029-07-10 23:59:59.000;0
1F6DB7E2;20;2029-07-10 23:59:59.000;0
32B05A4E;10;2029-07-10 23:59:59.000;0
237BB932;10;2029-07-10 23:59:59.000;0
D11882D0;10;2029-07-10 23:59:59.000;2
EA7D914C;10;2029-07-10 23:59:59.000;4
FF9BBFF6;10;2029-07-10 23:59:59.000;0
D15B8A20;20;2029-07-10 23:59:59.000;0
FF9FA366;10;2029-07-09 23:59:59.000;2
1F6BA7D2;10;2029-07-09 23:59:59.000;2
F1BA4E1D;5;2029-07-09 23:59:59.000;4
39057F52;5;2029-07-09 23:59:59.000;4
32A3C23E;10;2029-07-09 23:59:59.000;0
1F6C2982;10;2029-07-09 23:59:59.000;0
9AE1D6AC;10;2029-07-09 23:59:59.000;0
33191D3E;10;2029-07-09 23:59:59.000;9
1427EB7C;10;2029-07-09 23:59:59.000;4
5EB7F53E;10;2029-07-09 23:59:59.000;4
2DDBDDFC;10;2029-07-09 23:59:59.000;0
1F70BE82;10;2029-07-09 23:59:59.000;6
9AE1956C;10;2029-07-08 23:59:59.000;0
32DFFC0E;12;2029-07-08 23:59:59.000;6
90037A8E;18;2029-07-08 23:59:59.000;16
2385C042;10;2029-07-08 23:59:59.000;0
1429E99C;5;2029-07-08 23:59:59.000;2
1F6D3E32;5;2029-07-08 23:59:59.000;2
F1B5566D;10;2029-07-08 23:59:59.000;0
9AE18ECC;10;2029-07-07 23:59:59.000;4
E423342D;10;2029-07-07 23:59:59.000;0
BA0A747B;10;2029-07-07 23:59:59.000;5
99B190ED;10;2029-07-07 23:59:59.000;8
D1458540;5;2029-07-07 23:59:59.000;4
9AE1EDEC;20;2029-07-06 23:59:59.000;0
D116B790;30;2029-07-06 23:59:59.000;20
BA0DDEFB;30;2029-07-06 23:59:59.000;2
C6F8D73D;30;2029-07-06 23:59:59.000;2
9AE2921C;10;2029-07-05 23:59:59.000;0
9AE9936C;10;2029-07-05 23:59:59.000;0
0E3D28B2;10;2029-07-04 23:59:59.000;9
D11D7110;10;2029-07-04 23:59:59.000;9
FF9BB726;10;2029-07-04 23:59:59.000;0
23838272;10;2029-07-04 23:59:59.000;4
EF838B3D;10;2029-07-04 23:59:59.000;6
1F6D2F52;5;2029-07-04 23:59:59.000;4
F1BA0EBD;5;2029-07-04 23:59:59.000;4
EA832DBC;10;2029-07-03 23:59:59.000;0
3439306C;10;2029-07-03 23:59:59.000;0
CC095547;10;2029-07-03 23:59:59.000;2
2383BEE2;10;2029-07-02 23:59:59.000;4
23865E12;5;2029-06-19 23:59:59.000;2
32AF35CE;5;2029-06-19 23:59:59.000;2
9AE1211C;5;2029-06-18 23:59:59.000;4
D1482180;5;2029-06-18 23:59:59.000;4
1F702EE2;10;2029-06-15 23:59:59.000;8
329CAE2E;7;2029-06-14 23:59:59.000;2
EA80A05C;8;2029-06-10 23:59:59.000;2
9AE11F9C;7;2029-06-10 23:59:59.000;2
9AE7B61C;8;2029-06-10 23:59:59.000;2
EA813B1C;8;2029-06-06 23:59:59.000;6
1F6DA742;7;2029-06-06 23:59:59.000;6
9AE1E47C;5;2029-06-04 23:59:59.000;0
237A8F82;5;2029-06-04 23:59:59.000;2
0E255DC2;10;2029-06-02 23:59:59.000;6
D12C93A0;9;2029-05-30 23:59:59.000;3
32E3A81E;9;2029-05-30 23:59:59.000;4
FFA203A6;5;2029-05-30 23:59:59.000;0
D1530600;8;2029-05-30 23:59:59.000;0
FF984676;10;2029-05-29 23:59:59.000;4
F1B5547D;5;2029-05-29 23:59:59.000;4
1F70CBC2;5;2029-05-29 23:59:59.000;4
1F72B462;5;2029-05-28 23:59:59.000;2
F1BACC1D;10;2029-05-24 23:59:59.000;4
D1209C20;10;2029-05-23 23:59:59.000;0
7F47707E;9;2029-05-14 23:59:59.000;2
237A8782;9;2029-05-14 23:59:59.000;4
2389E4C2;3;2029-05-13 23:59:59.000;1
99B1B6AD;5;2029-05-11 23:59:59.000;4
D9C9712C;10;2029-05-10 23:59:59.000;0
1F70BD32;10;2029-05-08 23:59:59.000;3
D1504B50;10;2029-05-08 23:59:59.000;8
F1BA18AD;7;2029-05-04 23:59:59.000;6
1F700F72;5;2029-05-01 23:59:59.000;4
329CD3FE;5;2029-05-01 23:59:59.000;4
23878CD2;5;2029-04-29 23:59:59.000;4
D154A2E0;5;2029-04-29 23:59:59.000;3
2385B542;4;2029-04-29 23:59:59.000;2
E43033AD;5;2029-04-24 23:59:59.000;4
EA81DF5C;3;2029-04-23 23:59:59.000;2
9AE1334C;10;2029-04-21 23:59:59.000;4
D1599DA0;10;2029-04-19 23:59:59.000;2
1F6F8FA2;10;2029-04-16 23:59:59.000;6
99AEC41D;10;2029-04-16 23:59:59.000;0
EA7CDAFC;5;2029-04-12 23:59:59.000;0
237A2552;10;2029-04-09 23:59:59.000;2
EA7E3B5C;20;2029-04-05 23:59:59.000;0
32C73FCE;3;2029-03-31 23:59:59.000;0
238A09B2;5;2029-03-29 23:59:59.000;4
EA82185C;5;2029-03-29 23:59:59.000;4
39055612;4;2029-03-28 23:59:59.000;2
D15B7CB0;5;2029-03-28 23:59:59.000;2
9AE12FAC;10;2029-03-24 23:59:59.000;1
5EBAD8EE;10;2029-03-22 23:59:59.000;4
F1BAB1ED;5;2029-03-20 23:59:59.000;2
1F6DB6E2;5;2029-03-20 23:59:59.000;2
F1B5926D;8;2029-03-14 23:59:59.000;2
F1BAA4CD;5;2029-03-14 23:59:59.000;0
1F6F6CC2;9;2029-03-14 23:59:59.000;6
237ACC12;6;2029-03-12 23:59:59.000;2
1F6EEC82;10;2029-03-11 23:59:59.000;8
9AE2790C;36;2029-03-10 23:59:59.000;22
9AE11AFC;5;2029-03-07 23:59:59.000;4
142A61DC;9;2029-03-06 23:59:59.000;6
0E2CF962;10;2029-03-04 23:59:59.000;4
5B6176BE;10;2029-03-04 23:59:59.000;3
23883942;5;2029-03-03 23:59:59.000;3
32B5610E;5;2029-03-03 23:59:59.000;4
F1B5853D;3;2029-03-02 23:59:59.000;2
F1BAD32D;3;2029-03-02 23:59:59.000;2
142FA80C;5;2029-03-02 23:59:59.000;2
E3682803;5;2029-03-02 23:59:59.000;2
32B6913E;5;2029-03-01 23:59:59.000;1
32B66C6E;10;2029-02-28 23:59:59.000;0
32C46D8E;10;2029-02-28 23:59:59.000;0
32A7964E;10;2029-02-28 23:59:59.000;8
32B4906E;10;2029-02-28 23:59:59.000;6
3320CAEE;5;2029-02-28 23:59:59.000;0
1F6C67F2;5;2029-02-28 23:59:59.000;0
3318E97E;5;2029-02-28 23:59:59.000;4
32AA432E;5;2029-02-28 23:59:59.000;4
32F1E3FE;10;2029-02-28 23:59:59.000;2
32B67D5E;10;2029-02-28 23:59:59.000;2
32A7316E;9;2029-02-28 23:59:59.000;2
32D4A6EE;10;2029-02-28 23:59:59.000;0
32B9DF0E;10;2029-02-28 23:59:59.000;2
32BCC5CE;10;2029-02-28 23:59:59.000;2
32AEE93E;10;2029-02-28 23:59:59.000;0
32AEE6BE;10;2029-02-27 23:59:59.000;0
32BFA67E;10;2029-02-27 23:59:59.000;0
32E1313E;10;2029-02-27 23:59:59.000;0
32A851EE;5;2029-02-27 23:59:59.000;2
32B56ACE;5;2029-02-27 23:59:59.000;2
09216832;10;2029-02-27 23:59:59.000;4
A582E834;10;2029-02-27 23:59:59.000;2
330270CE;10;2029-02-27 23:59:59.000;8
32BC8A5E;10;2029-02-27 23:59:59.000;1
32AAC95E;10;2029-02-27 23:59:59.000;6
32AC18DE;10;2029-02-27 23:59:59.000;0
331023AE;10;2029-02-27 23:59:59.000;0
32AA421E;10;2029-02-27 23:59:59.000;1
32CE85EE;10;2029-02-27 23:59:59.000;5
33214F4E;10;2029-02-27 23:59:59.000;6
32FB5E1E;10;2029-02-27 23:59:59.000;8
F1BACD7D;5;2029-02-26 23:59:59.000;2
F1BA83ED;5;2029-02-26 23:59:59.000;2
F1BA30AD;10;2029-02-26 23:59:59.000;2
D1254600;10;2029-02-26 23:59:59.000;2
F1BA216D;5;2029-02-26 23:59:59.000;0
F1BA4B8D;5;2029-02-26 23:59:59.000;0
1F6B66F2;10;2029-02-25 23:59:59.000;0
32C736FE;10;2029-02-25 23:59:59.000;0
3321584E;10;2029-02-25 23:59:59.000;2
32B3DF2E;10;2029-02-25 23:59:59.000;2
5EBF26DE;10;2029-02-25 23:59:59.000;0
9AE11B5C;10;2029-02-25 23:59:59.000;6
32B6745E;9;2029-02-25 23:59:59.000;4
3320658E;9;2029-02-25 23:59:59.000;4
332170FE;10;2029-02-24 23:59:59.000;6
331984EE;10;2029-02-24 23:59:59.000;4
3312B63E;10;2029-02-24 23:59:59.000;6
33197B2E;10;2029-02-24 23:59:59.000;6
32B701CE;10;2029-02-24 23:59:59.000;2
32BC99EE;10;2029-02-24 23:59:59.000;0
3320B2CE;10;2029-02-24 23:59:59.000;0
329C63BE;10;2029-02-24 23:59:59.000;2
32DFFC9E;10;2029-02-24 23:59:59.000;0
0E3A5AD2;9;2029-02-24 23:59:59.000;5
3310330E;10;2029-02-24 23:59:59.000;2
9AE12CBC;5;2029-02-24 23:59:59.000;0
091FF7F2;5;2029-02-24 23:59:59.000;0
329B046E;9;2029-02-24 23:59:59.000;4
32C801AE;10;2029-02-23 23:59:59.000;2
32F1928E;9;2029-02-23 23:59:59.000;4
32D41EEE;10;2029-02-23 23:59:59.000;7
32BC79DE;7;2029-02-23 23:59:59.000;6
9AE118CC;18;2029-02-23 23:59:59.000;8
E3687BB3;10;2029-02-23 23:59:59.000;2
EF8386AD;10;2029-02-23 23:59:59.000;6
32BFAC8E;10;2029-02-23 23:59:59.000;2
3307F3FE;10;2029-02-23 23:59:59.000;0
33081EEE;9;2029-02-22 23:59:59.000;2
329CC66E;10;2029-02-22 23:59:59.000;0
3302293E;10;2029-02-22 23:59:59.000;0
331E12EE;10;2029-02-22 23:59:59.000;0
32C76FAE;5;2029-02-22 23:59:59.000;0
32FC41AE;5;2029-02-22 23:59:59.000;0
FFA1E846;15;2029-02-22 23:59:59.000;6
142A49CC;15;2029-02-22 23:59:59.000;6
32A84CCE;10;2029-02-22 23:59:59.000;1
32C8007E;9;2029-02-21 23:59:59.000;2
092221D2;10;2029-02-21 23:59:59.000;0
D13E8E70;10;2029-02-21 23:59:59.000;0
1C879DF5;5;2029-02-21 23:59:59.000;2
FD3D9BE2;5;2029-02-21 23:59:59.000;2
331D9CBE;10;2029-02-21 23:59:59.000;5
2DDC294C;10;2029-02-21 23:59:59.000;6
A583EC14;5;2029-02-21 23:59:59.000;2
3302214E;5;2029-02-21 23:59:59.000;2
32D0B45E;5;2029-02-21 23:59:59.000;0
33207AFE;5;2029-02-21 23:59:59.000;0
32A7FEEE;10;2029-02-21 23:59:59.000;6
329CC3FE;10;2029-02-21 23:59:59.000;8
23825462;10;2029-02-20 23:59:59.000;0
332161AE;10;2029-02-20 23:59:59.000;0
9AE1A2CC;9;2029-02-20 23:59:59.000;5
32F1F18E;5;2029-02-20 23:59:59.000;0
32BFB58E;5;2029-02-20 23:59:59.000;0
3302405E;5;2029-02-20 23:59:59.000;2
FF9BC786;5;2029-02-20 23:59:59.000;2
3308FBEE;5;2029-02-20 23:59:59.000;2
32D0B30E;5;2029-02-20 23:59:59.000;2
32A2546E;10;2029-02-20 23:59:59.000;2
32A730EE;9;2029-02-20 23:59:59.000;6
99B78FFD;5;2029-02-20 23:59:59.000;4
32EC8ECE;10;2029-02-20 23:59:59.000;8
3307CFFE;25;2029-02-19 23:59:59.000;14
32F870AE;25;2029-02-19 23:59:59.000;14
32D3A68E;5;2029-02-19 23:59:59.000;2
331022CE;5;2029-02-19 23:59:59.000;0
331DD1CE;18;2029-02-18 23:59:59.000;0
32B3F6AE;10;2029-02-18 23:59:59.000;6
32B8909E;10;2029-02-18 23:59:59.000;2
329CDB0E;5;2029-02-18 23:59:59.000;0
32D4AE3E;5;2029-02-18 23:59:59.000;0
32C71EEE;10;2029-02-18 23:59:59.000;0
32C76BAE;10;2029-02-18 23:59:59.000;0
32B6931E;7;2029-02-17 23:59:59.000;4
32B5615E;8;2029-02-17 23:59:59.000;7
32D4611E;5;2029-02-17 23:59:59.000;4
32B6918E;5;2029-02-17 23:59:59.000;4
D1208030;10;2029-02-17 23:59:59.000;0
32B519DE;10;2029-02-17 23:59:59.000;2
32C232BE;10;2029-02-17 23:59:59.000;0
32B56AFE;10;2029-02-17 23:59:59.000;2
331DA92E;10;2029-02-17 23:59:59.000;1
32F8C37E;10;2029-02-16 23:59:59.000;6
32C7F9EE;9;2029-02-16 23:59:59.000;8
32BFABFE;9;2029-02-16 23:59:59.000;8
331D9C2E;10;2029-02-16 23:59:59.000;6
32E193CE;10;2029-02-16 23:59:59.000;6
32D4A5FE;10;2029-02-16 23:59:59.000;4
32FB643E;10;2029-02-16 23:59:59.000;4
32DFDF2E;10;2029-02-16 23:59:59.000;8
C6F5730D;10;2029-02-16 23:59:59.000;8
32F8FA8E;10;2029-02-16 23:59:59.000;0
32C233FE;10;2029-02-16 23:59:59.000;7
32BA8A8E;10;2029-02-16 23:59:59.000;0
32CF657E;9;2029-02-16 23:59:59.000;6
331E456E;10;2029-02-15 23:59:59.000;0
9C45EE3E;10;2029-02-15 23:59:59.000;6
32BF979E;5;2029-02-15 23:59:59.000;4
3321517E;10;2029-02-15 23:59:59.000;8
32C53D8E;5;2029-02-15 23:59:59.000;4
2DD83F2C;5;2029-02-15 23:59:59.000;4
32CE887E;10;2029-02-15 23:59:59.000;2
331A5DEE;5;2029-02-14 23:59:59.000;2
3320548E;5;2029-02-14 23:59:59.000;4
33206B2E;10;2029-02-14 23:59:59.000;0
32C4E35E;10;2029-02-14 23:59:59.000;6
32BC786E;5;2029-02-14 23:59:59.000;4
32D03C8E;5;2029-02-14 23:59:59.000;4
F1BA25ED;5;2029-02-13 23:59:59.000;4
99B1A18D;5;2029-02-13 23:59:59.000;4
329C7E1E;10;2029-02-13 23:59:59.000;8
9AE8DBAC;6;2029-02-13 23:59:59.000;4
32F901FE;10;2029-02-13 23:59:59.000;4
32B6838E;10;2029-02-13 23:59:59.000;8
1F6BB4B2;10;2029-02-13 23:59:59.000;0
99B6697D;10;2029-02-13 23:59:59.000;0
32C7F84E;10;2029-02-13 23:59:59.000;0
3439A45C;5;2029-02-13 23:59:59.000;1
32B7BCCE;5;2029-02-13 23:59:59.000;2
32DFEA9E;10;2029-02-13 23:59:59.000;9
32C77A0E;10;2029-02-13 23:59:59.000;9
32AC186E;10;2029-02-12 23:59:59.000;0
32E1CE5E;10;2029-02-12 23:59:59.000;0
32D0342E;10;2029-02-12 23:59:59.000;0
32B9611E;5;2029-02-12 23:59:59.000;4
3307BFCE;5;2029-02-12 23:59:59.000;4
32D467EE;20;2029-02-11 23:59:59.000;12
330826EE;20;2029-02-11 23:59:59.000;12
32D40EDE;10;2029-02-11 23:59:59.000;8
32DD631E;10;2029-02-11 23:59:59.000;8
238322A2;24;2029-02-11 23:59:59.000;16
237AB192;24;2029-02-11 23:59:59.000;16
9AE1FBCC;5;2029-02-11 23:59:59.000;0
9AE983CC;5;2029-02-11 23:59:59.000;0
329CB68E;10;2029-02-10 23:59:59.000;2
32A7FF2E;10;2029-02-10 23:59:59.000;0
32B0510E;8;2029-02-10 23:59:59.000;4
330199DE;10;2029-02-10 23:59:59.000;4
32BCBD7E;10;2029-02-10 23:59:59.000;0
9AE8DD6C;10;2029-02-10 23:59:59.000;0
32A77AEE;9;2029-02-09 23:59:59.000;4
32A870EE;9;2029-02-09 23:59:59.000;4
3301835E;10;2029-02-09 23:59:59.000;0
32B6732E;10;2029-02-09 23:59:59.000;0
32E18AFE;10;2029-02-09 23:59:59.000;0
32ABBC2E;10;2029-02-09 23:59:59.000;0
32F8917E;10;2029-02-09 23:59:59.000;6
32B6849E;10;2029-02-09 23:59:59.000;6
9AE1B42C;8;2029-02-09 23:59:59.000;4
32E14F9E;10;2029-02-09 23:59:59.000;0
32F8C3DE;5;2029-02-09 23:59:59.000;4
32C211BE;10;2029-02-09 23:59:59.000;2
32AA526E;10;2029-02-09 23:59:59.000;2
33197B1E;10;2029-02-09 23:59:59.000;0
331DC94E;10;2029-02-08 23:59:59.000;2
3319840E;5;2029-02-08 23:59:59.000;4
32E0027E;5;2029-02-08 23:59:59.000;4
A5816094;20;2029-02-08 23:59:59.000;14
1F6CEFA2;10;2029-02-08 23:59:59.000;8
331A559E;10;2029-02-08 23:59:59.000;0
32E1680E;5;2029-02-08 23:59:59.000;2
32C37D6E;5;2029-02-08 23:59:59.000;4
32B7D34E;10;2029-02-08 23:59:59.000;2
F1B580AD;10;2029-02-08 23:59:59.000;2
9AE8D56C;10;2029-02-08 23:59:59.000;7
32BC75AE;10;2029-02-08 23:59:59.000;0
32C77B6E;10;2029-02-08 23:59:59.000;0
32EC95BE;10;2029-02-07 23:59:59.000;5
32D7F21E;10;2029-02-07 23:59:59.000;9
3312BF8E;5;2029-02-07 23:59:59.000;0
32CF455E;5;2029-02-07 23:59:59.000;2
2DDA3F5C;9;2029-02-07 23:59:59.000;4
F1BAB0FD;4;2029-02-07 23:59:59.000;2
32AEE58E;5;2029-02-07 23:59:59.000;2
F1B5C93D;5;2029-02-07 23:59:59.000;2
329D434E;10;2029-02-06 23:59:59.000;6
32D4778E;10;2029-02-06 23:59:59.000;0
32A4BC1E;10;2029-02-06 23:59:59.000;2
2DDC99AC;10;2029-02-06 23:59:59.000;2
32AA4A6E;8;2029-02-06 23:59:59.000;4
32D11AFE;8;2029-02-06 23:59:59.000;4
32C7701E;10;2029-02-06 23:59:59.000;6
32AED72E;9;2029-02-06 23:59:59.000;2
32DD5B5E;10;2029-02-06 23:59:59.000;4
9AE1666C;10;2029-02-05 23:59:59.000;4
32A813FE;10;2029-02-05 23:59:59.000;0
32D0BC0E;5;2029-02-05 23:59:59.000;0
32B66C5E;5;2029-02-05 23:59:59.000;4
32F1DCBE;10;2029-02-05 23:59:59.000;0
32DACE6E;7;2029-02-05 23:59:59.000;6
32FB642E;10;2029-02-05 23:59:59.000;8
32BCC38E;10;2029-02-05 23:59:59.000;0
33190C1E;10;2029-02-05 23:59:59.000;0
32D110DE;10;2029-02-05 23:59:59.000;0
32B512CE;10;2029-02-05 23:59:59.000;0
32DFF40E;10;2029-02-05 23:59:59.000;0
EA7EE0AC;10;2029-02-05 23:59:59.000;6
329D49CE;20;2029-02-04 23:59:59.000;2
2DDC7E0C;10;2029-02-04 23:59:59.000;6
EA77BA8C;5;2029-02-04 23:59:59.000;2
A5814B34;10;2029-02-04 23:59:59.000;8
3307B81E;8;2029-02-04 23:59:59.000;6
32C8580E;10;2029-02-04 23:59:59.000;6
329CBC9E;10;2029-02-04 23:59:59.000;4
32C7DDDE;10;2029-02-04 23:59:59.000;8
32F28F8E;10;2029-02-04 23:59:59.000;4
32AED75E;10;2029-02-04 23:59:59.000;4
32E106BE;10;2029-02-04 23:59:59.000;9
3439AC1C;10;2029-02-04 23:59:59.000;6
D1179F20;20;2029-02-04 23:59:59.000;16
E42AC74D;10;2029-02-03 23:59:59.000;8
D9C4B3DC;20;2029-02-03 23:59:59.000;2
2DD7F4BC;8;2029-02-03 23:59:59.000;2
2DDC190C;10;2029-02-03 23:59:59.000;8
2DDA66EC;10;2029-02-03 23:59:59.000;0
32FB647E;10;2029-02-03 23:59:59.000;3
32B4A86E;10;2029-02-03 23:59:59.000;8
3320B3CE;10;2029-02-03 23:59:59.000;4
32D487BE;8;2029-02-03 23:59:59.000;2
32D94BBE;19;2029-02-03 23:59:59.000;18
FFA1F436;10;2029-02-03 23:59:59.000;0
2D4D161C;10;2029-02-03 23:59:59.000;9
A56E35F4;9;2029-02-03 23:59:59.000;8
7F46D84E;10;2029-02-02 23:59:59.000;4
0E3DDB32;10;2029-02-02 23:59:59.000;0
E42B5E7D;10;2029-02-02 23:59:59.000;0
FFA0E2B6;5;2029-02-02 23:59:59.000;4
D1194AF0;5;2029-02-02 23:59:59.000;4
1F6CE7E2;5;2029-02-02 23:59:59.000;2
99B39C0D;5;2029-02-02 23:59:59.000;2
23857892;10;2029-02-02 23:59:59.000;8
FF983976;5;2029-02-02 23:59:59.000;2
39009032;5;2029-02-02 23:59:59.000;2
237A38B2;10;2029-02-02 23:59:59.000;0
EA84E0CC;10;2029-02-02 23:59:59.000;0
237BB7C2;10;2029-02-02 23:59:59.000;8
9AE29F9C;10;2029-02-02 23:59:59.000;0
1F72AC62;5;2029-02-02 23:59:59.000;4
F1BA95AD;5;2029-02-02 23:59:59.000;4
9AE10C0C;10;2029-02-01 23:59:59.000;8
9AE185BC;8;2029-02-01 23:59:59.000;4
F1BA5EFD;10;2029-02-01 23:59:59.000;0
EA874E6C;20;2029-02-01 23:59:59.000;18
9000AFCE;10;2029-02-01 23:59:59.000;8
0E0D8792;10;2029-02-01 23:59:59.000;0
EA7FE31C;9;2029-02-01 23:59:59.000;2
D1504A60;10;2029-02-01 23:59:59.000;4
9AE8DD4C;10;2029-02-01 23:59:59.000;0
D15AAC50;30;2029-02-01 23:59:59.000;20
F1B54A6D;30;2029-02-01 23:59:59.000;20
1F6D3482;10;2029-02-01 23:59:59.000;0
EA7ABB7C;10;2029-02-01 23:59:59.000;8
F1BAA1BD;10;2029-02-01 23:59:59.000;8
F1BAEB4D;10;2029-02-01 23:59:59.000;2
D11C6810;5;2029-01-28 23:59:59.000;2
D11FABB0;5;2029-01-28 23:59:59.000;2
9AE1E50C;5;2029-01-25 23:59:59.000;4
D11B1E10;5;2029-01-25 23:59:59.000;4
0E388502;5;2029-01-24 23:59:59.000;4
F1BA965D;5;2029-01-24 23:59:59.000;4
23827F12;5;2029-01-24 23:59:59.000;4
E42E67AD;5;2029-01-24 23:59:59.000;4
99B1483D;3;2029-01-23 23:59:59.000;2
EA77084C;4;2029-01-23 23:59:59.000;2
9AE2325C;5;2029-01-22 23:59:59.000;2
9AE1AC5C;7;2029-01-21 23:59:59.000;0
F1BA7C6D;9;2029-01-19 23:59:59.000;2
23842FD2;9;2029-01-17 23:59:59.000;2
1F73FEB2;5;2029-01-16 23:59:59.000;4
2387BF42;10;2029-01-14 23:59:59.000;9
2DDC886C;5;2029-01-13 23:59:59.000;4
237C6292;5;2029-01-13 23:59:59.000;4
9AE1552C;10;2029-01-08 23:59:59.000;8
9AE1B17C;7;2029-01-08 23:59:59.000;6
FFA20416;10;2029-01-08 23:59:59.000;4
1F6F8FE2;5;2029-01-07 23:59:59.000;4
39056D72;10;2029-01-03 23:59:59.000;8
99B1D08D;9;2029-01-03 23:59:59.000;7
1C7D3565;5;2028-12-30 23:59:59.000;2
9AE1E67C;5;2028-12-30 23:59:59.000;2
390C1442;10;2028-12-28 23:59:59.000;0
9AE12B9C;10;2028-12-26 23:59:59.000;8
1F72AB82;10;2028-12-24 23:59:59.000;0
F1BACFDD;9;2028-12-23 23:59:59.000;4
9ADFDF1C;10;2028-12-17 23:59:59.000;0
EA73DBEC;10;2028-12-17 23:59:59.000;0
C6F7861D;9;2028-12-15 23:59:59.000;2
A583B804;9;2028-12-15 23:59:59.000;6
237878F2;7;2028-12-08 23:59:59.000;3
EA85747C;10;2028-12-08 23:59:59.000;4
1F6EF2F2;5;2028-12-05 23:59:59.000;0
9AE1CE9C;5;2028-12-05 23:59:59.000;0
9AE154AC;5;2028-12-04 23:59:59.000;0
1F6F3502;5;2028-12-04 23:59:59.000;0
EA7B017C;5;2028-12-04 23:59:59.000;0
142FA59C;5;2028-12-04 23:59:59.000;2
D13398B0;10;2028-12-03 23:59:59.000;7
237C6362;8;2028-11-29 23:59:59.000;2
9AE1F51C;5;2028-11-26 23:59:59.000;4
1F701F62;5;2028-11-26 23:59:59.000;4
99BBD15D;5;2028-11-21 23:59:59.000;4
23786082;10;2028-11-21 23:59:59.000;4
F1BA828D;8;2028-11-19 23:59:59.000;6
9AE1199C;5;2028-11-17 23:59:59.000;2
23828C82;5;2028-11-17 23:59:59.000;2
D11948E0;7;2028-11-17 23:59:59.000;2
1F6C5832;9;2028-11-15 23:59:59.000;6
9AE98BDC;10;2028-11-15 23:59:59.000;6
1F6F8452;5;2028-11-13 23:59:59.000;4
F1BACA1D;5;2028-11-13 23:59:59.000;4
1F72F872;10;2028-11-11 23:59:59.000;8
EA83871C;10;2028-11-11 23:59:59.000;8
EA809E5C;7;2028-11-09 23:59:59.000;6
EA74848C;18;2028-11-05 23:59:59.000;12
FFA0D396;10;2028-11-04 23:59:59.000;2
1F6FB8E2;10;2028-11-01 23:59:59.000;4
1F6DA052;7;2028-10-31 23:59:59.000;4
627B773E;5;2028-10-30 23:59:59.000;4
D1328FD0;5;2028-10-30 23:59:59.000;4
2383E132;10;2028-10-30 23:59:59.000;6
F1B580BD;8;2028-10-30 23:59:59.000;2
A5838FA4;7;2028-10-28 23:59:59.000;2
142A4CDC;10;2028-10-27 23:59:59.000;4
1F6C2972;8;2028-10-27 23:59:59.000;0
237A3CC2;9;2028-10-27 23:59:59.000;0
238614D2;9;2028-10-26 23:59:59.000;2
9006808E;5;2028-10-25 23:59:59.000;2
F1BAE83D;5;2028-10-25 23:59:59.000;2
99BCE84D;5;2028-10-22 23:59:59.000;2
1F73BE52;5;2028-10-22 23:59:59.000;2
09221A32;10;2028-10-20 23:59:59.000;2
D1232E20;5;2028-10-20 23:59:59.000;4
F1BA4EED;7;2028-10-16 23:59:59.000;4
2385FCD2;4;2028-10-12 23:59:59.000;2
99AFC35D;10;2028-10-12 23:59:59.000;2
09224B32;4;2028-10-02 23:59:59.000;2
9AE11A0C;5;2028-09-28 23:59:59.000;4
A5837554;5;2028-09-26 23:59:59.000;4
EA83181C;6;2028-09-26 23:59:59.000;4
99B1112D;4;2028-09-26 23:59:59.000;2
9AE6323C;5;2028-09-22 23:59:59.000;2
F1BA854D;9;2028-09-20 23:59:59.000;2
2384DF82;3;2028-09-20 23:59:59.000;2
99AEEFCD;8;2028-09-18 23:59:59.000;2
238862B2;5;2028-09-17 23:59:59.000;4
D1498EE0;5;2028-09-17 23:59:59.000;4
C6FC8EFD;10;2028-09-11 23:59:59.000;6
7F4B062E;5;2028-09-10 23:59:59.000;2
9AE129FC;5;2028-09-10 23:59:59.000;4
091DD162;9;2028-09-08 23:59:59.000;6
9AE10C7C;2;2028-09-06 23:59:59.000;0
EA87C18C;5;2028-09-05 23:59:59.000;2
E42780CD;4;2028-09-05 23:59:59.000;0
D9C4AAAC;18;2028-08-30 23:59:59.000;12
EA7D666C;5;2028-08-26 23:59:59.000;4
3918B772;5;2028-08-26 23:59:59.000;2
9006A5EE;5;2028-08-26 23:59:59.000;2
9AE1609C;5;2028-08-26 23:59:59.000;2
A580FD84;8;2028-08-23 23:59:59.000;4
FFA0E226;10;2028-08-22 23:59:59.000;8
9AE6954C;8;2028-08-20 23:59:59.000;4
F1B5719D;10;2028-08-18 23:59:59.000;2
237A23D2;8;2028-08-06 23:59:59.000;2
E42DF36D;8;2028-08-06 23:59:59.000;2
237A3B02;8;2028-08-06 23:59:59.000;2
1F6D9F62;10;2028-08-04 23:59:59.000;8
99B59A4D;10;2028-07-31 23:59:59.000;4
99BD01CD;10;2028-07-31 23:59:59.000;2
E4272FAD;10;2028-07-31 23:59:59.000;2
CBF17327;5;2028-07-31 23:59:59.000;0
BA0EBD4B;5;2028-07-31 23:59:59.000;0
1F6BBAC2;10;2028-07-31 23:59:59.000;0
1427F3CC;10;2028-07-31 23:59:59.000;0
0E0B8412;10;2028-07-31 23:59:59.000;0
99B2E6ED;10;2028-07-31 23:59:59.000;6
9AE1273C;10;2028-07-30 23:59:59.000;6
2388A242;10;2028-07-30 23:59:59.000;0
D14883A0;10;2028-07-30 23:59:59.000;8
0E174C22;10;2028-07-29 23:59:59.000;0
0E33D9E2;10;2028-07-29 23:59:59.000;0
D1340DC0;10;2028-07-29 23:59:59.000;0
0E244FA2;9;2028-07-28 23:59:59.000;2
FF983DF6;10;2028-07-28 23:59:59.000;4
FF9FA496;10;2028-07-28 23:59:59.000;4
D11FAF40;10;2028-07-28 23:59:59.000;0
2389D3C2;10;2028-07-28 23:59:59.000;8
0E277992;10;2028-07-28 23:59:59.000;8
FF984D16;10;2028-07-28 23:59:59.000;4
1F701662;10;2028-07-27 23:59:59.000;4
0E3B3142;10;2028-07-27 23:59:59.000;8
1F6BB4A2;10;2028-07-27 23:59:59.000;8
FF9847C6;10;2028-07-27 23:59:59.000;0
FFA0D3C6;10;2028-07-26 23:59:59.000;8
FFA1E786;10;2028-07-26 23:59:59.000;2
FF984776;10;2028-07-25 23:59:59.000;8
FFA0E866;20;2028-07-24 23:59:59.000;4
391EB942;10;2028-07-23 23:59:59.000;4
F1BA168D;7;2028-07-23 23:59:59.000;4
0E40D442;8;2028-07-23 23:59:59.000;6
F1B57EED;10;2028-07-22 23:59:59.000;0
FF9F83A6;5;2028-07-22 23:59:59.000;4
237A8742;10;2028-07-22 23:59:59.000;8
0E2DE6D2;10;2028-07-21 23:59:59.000;0
A5827624;10;2028-07-21 23:59:59.000;0
FFA1FC56;10;2028-07-21 23:59:59.000;2
FF9F92D6;10;2028-07-21 23:59:59.000;6
0E36A462;10;2028-07-20 23:59:59.000;9
1F6BC372;10;2028-07-19 23:59:59.000;2
A56E3864;9;2028-07-18 23:59:59.000;4
D15AB620;10;2028-07-18 23:59:59.000;0
1F6C76D2;7;2028-07-18 23:59:59.000;6
FF984DA6;5;2028-07-18 23:59:59.000;0
0E370092;5;2028-07-18 23:59:59.000;0
0E333C42;10;2028-07-17 23:59:59.000;8
99B5ACDD;10;2028-07-17 23:59:59.000;0
5EBA3FAE;17;2028-07-17 23:59:59.000;6
99AEAC8D;5;2028-07-17 23:59:59.000;0
D11A49B0;5;2028-07-17 23:59:59.000;0
0E20F1C2;5;2028-07-16 23:59:59.000;4
9AE5312C;10;2028-07-14 23:59:59.000;6
9AE8D48C;10;2028-07-14 23:59:59.000;6
F1BAD12D;9;2028-07-14 23:59:59.000;4
1F6C7862;9;2028-07-13 23:59:59.000;2
C6FC6E4D;3;2028-07-12 23:59:59.000;2
237C1712;7;2028-07-11 23:59:59.000;6
EA880C1C;10;2028-07-11 23:59:59.000;8
90008C1E;10;2028-07-11 23:59:59.000;8
99B674DD;5;2028-07-11 23:59:59.000;2
142A538C;5;2028-07-11 23:59:59.000;4
9AE1689C;10;2028-07-10 23:59:59.000;8
C6FC945D;5;2028-07-09 23:59:59.000;4
D11EC6C0;10;2028-07-08 23:59:59.000;4
99AE5EED;8;2028-07-08 23:59:59.000;6
D14F5570;5;2028-07-08 23:59:59.000;0
9AE227FC;5;2028-07-08 23:59:59.000;0
2385D992;5;2028-07-06 23:59:59.000;4
E426892D;10;2028-07-04 23:59:59.000;0
1F70CD12;9;2028-07-04 23:59:59.000;2
238A0972;10;2028-07-04 23:59:59.000;4
2389D382;10;2028-07-03 23:59:59.000;0
F1BA6DFD;10;2028-07-02 23:59:59.000;8
1428710C;10;2028-07-02 23:59:59.000;6
1F6D2DD2;8;2028-06-28 23:59:59.000;4
23883D02;10;2028-06-26 23:59:59.000;6
1F701DC2;5;2028-06-23 23:59:59.000;0
F1BA95DD;5;2028-06-23 23:59:59.000;0
F1B5835D;4;2028-06-21 23:59:59.000;0
237AA882;10;2028-06-10 23:59:59.000;2
900DBE1E;12;2028-06-06 23:59:59.000;4
23871252;9;2028-06-04 23:59:59.000;4
9AE164CC;5;2028-06-02 23:59:59.000;2
C32226CE;17;2028-06-02 23:59:59.000;16
1428795C;5;2028-06-01 23:59:59.000;4
E42E629D;10;2028-05-26 23:59:59.000;8
F1BAB03D;5;2028-05-22 23:59:59.000;2
C6FC882D;5;2028-05-22 23:59:59.000;2
1F6FB092;6;2028-05-22 23:59:59.000;5
F1BA991D;5;2028-05-21 23:59:59.000;3
1F6B7772;5;2028-05-21 23:59:59.000;3
09208C02;10;2028-05-20 23:59:59.000;8
9AE1E03C;10;2028-05-20 23:59:59.000;6
99B9E02D;8;2028-05-20 23:59:59.000;1
CD9C27D5;5;2028-05-12 23:59:59.000;2
EA7EA2BC;5;2028-05-12 23:59:59.000;2
EA7A4E2C;6;2028-05-11 23:59:59.000;2
F1BA16FD;5;2028-05-09 23:59:59.000;4
99B354BD;5;2028-05-07 23:59:59.000;2
9AE22FDC;4;2028-05-07 23:59:59.000;0
7F4AEE2E;5;2028-05-07 23:59:59.000;2
99B549BD;5;2028-05-07 23:59:59.000;2
F1BE137D;10;2028-05-06 23:59:59.000;6
E42EB62D;10;2028-05-06 23:59:59.000;6
F1B55F1D;9;2028-05-06 23:59:59.000;2
1F6B5E82;7;2028-05-05 23:59:59.000;6
EA784D1C;5;2028-05-03 23:59:59.000;2
E368C893;7;2028-04-23 23:59:59.000;0
1F70C5E2;9;2028-04-22 23:59:59.000;6
2382FF02;9;2028-04-22 23:59:59.000;6
D1372470;10;2028-04-18 23:59:59.000;8
EA7F525C;10;2028-04-14 23:59:59.000;8
EA831E2C;9;2028-04-12 23:59:59.000;2
99AE0F7D;10;2028-04-10 23:59:59.000;4
9AE12A2C;10;2028-04-10 23:59:59.000;2
1F6FC162;2;2028-04-06 23:59:59.000;0
237860E2;6;2028-04-06 23:59:59.000;4
EA74B09C;5;2028-04-05 23:59:59.000;4
9AEA3F6C;7;2028-04-04 23:59:59.000;6
237887A2;5;2028-04-02 23:59:59.000;4
9AE6436C;7;2028-03-31 23:59:59.000;2
1F70CC12;7;2028-03-29 23:59:59.000;4
E42D324D;10;2028-03-28 23:59:59.000;6
142F9B7C;10;2028-03-27 23:59:59.000;8
237C62A2;10;2028-03-24 23:59:59.000;8
1F6DBE82;8;2028-03-23 23:59:59.000;4
E425D13D;10;2028-03-23 23:59:59.000;0
09216802;3;2028-03-22 23:59:59.000;2
9AE29F0C;10;2028-03-22 23:59:59.000;2
23832382;10;2028-03-21 23:59:59.000;8
F1B54AFD;10;2028-03-21 23:59:59.000;8
1F73FE92;7;2028-03-20 23:59:59.000;6
9AE643BC;3;2028-03-20 23:59:59.000;2
9AE1FC9C;10;2028-03-20 23:59:59.000;2
EA86E2FC;10;2028-03-20 23:59:59.000;2
9AE7DADC;10;2028-03-19 23:59:59.000;8
99B3053D;10;2028-03-17 23:59:59.000;4
23871412;9;2028-03-15 23:59:59.000;0
1F6D3D92;5;2028-03-13 23:59:59.000;2
1F6E51A2;8;2028-03-13 23:59:59.000;6
1F6BAFE2;10;2028-03-12 23:59:59.000;4
EA84730C;9;2028-03-12 23:59:59.000;2
1F702E32;13;2028-03-07 23:59:59.000;2
FFA1E776;10;2028-03-06 23:59:59.000;0
EA8289BC;5;2028-03-03 23:59:59.000;2
B7793CBE;5;2028-03-03 23:59:59.000;4
1F6C57E2;8;2028-03-03 23:59:59.000;0
F1B0681D;3;2028-03-03 23:59:59.000;2
237A23B2;8;2028-03-02 23:59:59.000;4
0E40D592;5;2028-03-02 23:59:59.000;2
391C8452;3;2028-03-02 23:59:59.000;2
9AE993FC;11;2028-03-01 23:59:59.000;2
0E0A9212;7;2028-03-01 23:59:59.000;6
0E34D9F2;10;2028-02-29 23:59:59.000;0
FFA0E806;10;2028-02-29 23:59:59.000;4
0E20F372;10;2028-02-29 23:59:59.000;0
99B7A9AD;10;2028-02-29 23:59:59.000;7
D9C04B4C;10;2028-02-28 23:59:59.000;2
A582E904;10;2028-02-28 23:59:59.000;2
7F45156E;10;2028-02-28 23:59:59.000;2
EA7FB57C;8;2028-02-28 23:59:59.000;6
E3628783;10;2028-02-27 23:59:59.000;0
F1BA160D;20;2028-02-27 23:59:59.000;4
5670E49D;5;2028-02-27 23:59:59.000;4
5678494D;5;2028-02-27 23:59:59.000;4
A582E3D4;9;2028-02-27 23:59:59.000;4
C6F8B4BD;7;2028-02-26 23:59:59.000;2
A5819F94;10;2028-02-26 23:59:59.000;8
F1BAD85D;5;2028-02-26 23:59:59.000;4
1F73EE32;5;2028-02-26 23:59:59.000;4
1F6EEC32;5;2028-02-26 23:59:59.000;4
1429E60C;5;2028-02-26 23:59:59.000;4
3900D4F2;10;2028-02-26 23:59:59.000;4
5EBC470E;10;2028-02-26 23:59:59.000;4
99B16C5D;10;2028-02-26 23:59:59.000;8
1F6C57D2;26;2028-02-25 23:59:59.000;20
F1BA8EED;10;2028-02-25 23:59:59.000;6
F1BA11BD;9;2028-02-25 23:59:59.000;2
F1B509CD;10;2028-02-25 23:59:59.000;0
F1BA2BDD;10;2028-02-25 23:59:59.000;8
D9C4D43C;5;2028-02-25 23:59:59.000;4
F1B5918D;5;2028-02-24 23:59:59.000;4
5EBAD5CE;7;2028-02-23 23:59:59.000;2
1F6F8D32;13;2028-02-23 23:59:59.000;10
F1BAD0FD;20;2028-02-23 23:59:59.000;8
A5824A84;20;2028-02-23 23:59:59.000;8
238255A2;10;2028-02-22 23:59:59.000;0
F1B59B3D;10;2028-02-21 23:59:59.000;0
E3678E63;5;2028-02-21 23:59:59.000;4
F1BA2F7D;5;2028-02-21 23:59:59.000;4
14358C1C;5;2028-02-21 23:59:59.000;0
1F6FB462;5;2028-02-21 23:59:59.000;0
1F6CF662;5;2028-02-21 23:59:59.000;2
1F6FB992;5;2028-02-21 23:59:59.000;2
1F70D492;10;2028-02-19 23:59:59.000;6
F1BADD6D;10;2028-02-19 23:59:59.000;6
F1BA259D;10;2028-02-19 23:59:59.000;8
F1B57D4D;20;2028-02-19 23:59:59.000;0
F1BAAEED;10;2028-02-19 23:59:59.000;2
F1BA11FD;10;2028-02-18 23:59:59.000;8
F1B55E4D;9;2028-02-18 23:59:59.000;2
1F6F7FB2;10;2028-02-17 23:59:59.000;0
1F6D45E2;10;2028-02-17 23:59:59.000;4
2384D982;10;2028-02-17 23:59:59.000;6
350863D5;10;2028-02-17 23:59:59.000;2
F1BA5E5D;10;2028-02-17 23:59:59.000;8
3433A8AC;9;2028-02-16 23:59:59.000;0
99AE164D;12;2028-02-16 23:59:59.000;4
F1B53CFD;9;2028-02-16 23:59:59.000;6
142FB03C;10;2028-02-15 23:59:59.000;2
0CFCAE53;10;2028-02-15 23:59:59.000;0
D1235CA0;8;2028-02-15 23:59:59.000;3
C6F9C3AD;10;2028-02-15 23:59:59.000;0
EA8413AC;10;2028-02-15 23:59:59.000;2
DC07B8EA;9;2028-02-15 23:59:59.000;6
F1BA0E7D;7;2028-02-15 23:59:59.000;3
9003525E;9;2028-02-14 23:59:59.000;2
99B2AC8D;10;2028-02-13 23:59:59.000;2
1F6B7E12;10;2028-02-13 23:59:59.000;0
D1581EA0;10;2028-02-13 23:59:59.000;4
D1224960;10;2028-02-13 23:59:59.000;8
D13FA230;10;2028-02-13 23:59:59.000;2
EF82F5ED;5;2028-02-13 23:59:59.000;2
EF83779D;5;2028-02-13 23:59:59.000;2
D1554400;10;2028-02-13 23:59:59.000;0
D1329960;8;2028-02-13 23:59:59.000;6
D151D8E0;5;2028-02-13 23:59:59.000;1
D1239620;10;2028-02-12 23:59:59.000;0
D12728C0;10;2028-02-12 23:59:59.000;2
D1590330;3;2028-02-12 23:59:59.000;2
D135D210;4;2028-02-12 23:59:59.000;2
1F6DB7A2;10;2028-02-11 23:59:59.000;0
D11C63C0;8;2028-02-11 23:59:59.000;4
EA827DCC;8;2028-02-11 23:59:59.000;4
D15A2A00;5;2028-02-11 23:59:59.000;2
F1BA1EBD;10;2028-02-11 23:59:59.000;6
F1BA41FD;10;2028-02-11 23:59:59.000;4
1F6D2DA2;10;2028-02-11 23:59:59.000;8
1F72ABE2;10;2028-02-11 23:59:59.000;8
99B1C68D;10;2028-02-10 23:59:59.000;8
D1413C70;10;2028-02-10 23:59:59.000;2
238662A2;11;2028-02-10 23:59:59.000;1
E36BE103;5;2028-02-10 23:59:59.000;0
A5833DB4;5;2028-02-10 23:59:59.000;0
D12B1A40;5;2028-02-10 23:59:59.000;2
D11913F0;5;2028-02-10 23:59:59.000;2
F1BAE0ED;9;2028-02-10 23:59:59.000;4
D11D3380;6;2028-02-10 23:59:59.000;0
F1BAFA1D;10;2028-02-10 23:59:59.000;0
C6F572CD;10;2028-02-08 23:59:59.000;4
D1224A90;5;2028-02-08 23:59:59.000;2
F1B5068D;5;2028-02-08 23:59:59.000;4
F1B58CAD;5;2028-02-08 23:59:59.000;4
D1339310;10;2028-02-08 23:59:59.000;6
D14603B0;10;2028-02-08 23:59:59.000;6
1F6D1FE2;9;2028-02-08 23:59:59.000;2
9AE1225C;8;2028-02-08 23:59:59.000;6
C6FD60FD;9;2028-02-07 23:59:59.000;2
D117FA80;10;2028-02-06 23:59:59.000;2
D156EEA0;8;2028-02-06 23:59:59.000;7
F1BAEC8D;10;2028-02-05 23:59:59.000;2
EF830DFD;10;2028-02-05 23:59:59.000;2
99B1B45D;8;2028-02-05 23:59:59.000;2
EF836B1D;10;2028-02-05 23:59:59.000;2
D12C9920;10;2028-02-05 23:59:59.000;4
D11A45F0;10;2028-02-05 23:59:59.000;4
EA74503C;17;2028-02-05 23:59:59.000;2
E42E454D;15;2028-02-05 23:59:59.000;11
D11B1EA0;10;2028-02-04 23:59:59.000;8
7F46E8BE;10;2028-02-04 23:59:59.000;8
142A6B1C;10;2028-02-04 23:59:59.000;0
D11AD690;9;2028-02-04 23:59:59.000;2
99B51A2D;10;2028-02-03 23:59:59.000;0
23844A62;10;2028-02-03 23:59:59.000;0
D150E9C0;10;2028-02-03 23:59:59.000;0
D11BE2F0;10;2028-02-03 23:59:59.000;0
D134AF80;9;2028-02-03 23:59:59.000;8
D15547F0;10;2028-02-03 23:59:59.000;8
D1585700;10;2028-02-03 23:59:59.000;0
9AE1FD0C;10;2028-02-03 23:59:59.000;2
EA83E47C;20;2028-02-03 23:59:59.000;8
F1BAA1AD;10;2028-02-02 23:59:59.000;8
9AE1F55C;10;2028-02-02 23:59:59.000;9
9AE1FC2C;19;2028-02-02 23:59:59.000;9
1427F9CC;5;2028-02-02 23:59:59.000;4
091DA412;5;2028-02-02 23:59:59.000;4
1F6FAEE2;10;2028-02-02 23:59:59.000;4
1F6F8482;10;2028-02-02 23:59:59.000;4
F1BA0DBD;7;2028-02-02 23:59:59.000;6
1F73FEA2;8;2028-02-02 23:59:59.000;4
99B4E78D;7;2028-02-02 23:59:59.000;6
90068FDE;5;2028-02-02 23:59:59.000;4
70A6595C;5;2028-02-02 23:59:59.000;4
EA7EA90C;20;2028-02-01 23:59:59.000;0
1F6BCB02;20;2028-02-01 23:59:59.000;0
23830012;10;2028-01-30 23:59:59.000;8
1F72AAD2;10;2028-01-29 23:59:59.000;0
238324E2;10;2028-01-24 23:59:59.000;0
9AE1D8CC;13;2028-01-24 23:59:59.000;0
9AE1304C;13;2028-01-24 23:59:59.000;0
E424109D;4;2028-01-19 23:59:59.000;2
237C65A2;4;2028-01-19 23:59:59.000;2
1F6FC8F2;10;2028-01-18 23:59:59.000;4
237C61D2;10;2028-01-15 23:59:59.000;6
A58387B4;5;2028-01-11 23:59:59.000;2
1F72A372;10;2028-01-09 23:59:59.000;2
238A07D2;9;2028-01-07 23:59:59.000;0
9AE1695C;8;2028-01-07 23:59:59.000;6
23857852;8;2028-01-07 23:59:59.000;2
9AE129CC;5;2028-01-07 23:59:59.000;0
1F72A482;9;2027-12-31 23:59:59.000;2
F1BAB25D;4;2027-12-28 23:59:59.000;3
F1BA188D;6;2027-12-22 23:59:59.000;4
99B4AAED;9;2027-12-19 23:59:59.000;6
09224CD2;10;2027-12-16 23:59:59.000;0
2382FC72;10;2027-12-08 23:59:59.000;2
9AE8D58C;3;2027-11-20 23:59:59.000;2
9AE1142C;3;2027-11-18 23:59:59.000;2
23847F22;7;2027-11-11 23:59:59.000;6
F1B5B73D;10;2027-11-10 23:59:59.000;8
9AE8D50C;10;2027-11-08 23:59:59.000;2
5728C7FD;5;2027-11-07 23:59:59.000;4
99B7F10D;4;2027-11-07 23:59:59.000;2
9AE11BFC;10;2027-11-05 23:59:59.000;8
C6FDF6CD;12;2027-11-04 23:59:59.000;10
627B7A7E;5;2027-11-01 23:59:59.000;0
F1BA423D;5;2027-11-01 23:59:59.000;0
237BFC92;6;2027-10-31 23:59:59.000;4
99B60F0D;9;2027-10-30 23:59:59.000;4
9AE8319C;8;2027-10-27 23:59:59.000;4
9AE12FBC;8;2027-10-27 23:59:59.000;4
237A3B92;9;2027-10-23 23:59:59.000;8
EA7CB3CC;5;2027-10-21 23:59:59.000;4
1F6EE4C2;5;2027-10-20 23:59:59.000;0
2385A0C2;5;2027-10-20 23:59:59.000;0
9AE836CC;10;2027-10-20 23:59:59.000;2
CBED6857;5;2027-10-12 23:59:59.000;4
1F7376D2;5;2027-10-11 23:59:59.000;4
23878F12;5;2027-10-11 23:59:59.000;4
1F6C6732;5;2027-10-11 23:59:59.000;4
1F6FBD72;10;2027-10-03 23:59:59.000;0
99B4D1DD;9;2027-09-29 23:59:59.000;1
23823942;8;2027-09-27 23:59:59.000;2
EA73DAFC;6;2027-09-22 23:59:59.000;4
EA86366C;5;2027-09-18 23:59:59.000;2
99B194ED;14;2027-09-16 23:59:59.000;3
9AE1EA9C;9;2027-09-14 23:59:59.000;6
F1BE122D;9;2027-09-14 23:59:59.000;2
99B8488D;6;2027-09-08 23:59:59.000;4
23871522;6;2027-09-08 23:59:59.000;2
238300D2;7;2027-09-07 23:59:59.000;2
E42BC31D;10;2027-09-06 23:59:59.000;6
E42CA94D;8;2027-09-05 23:59:59.000;6
1F6FB972;17;2027-08-31 23:59:59.000;11
1F702772;5;2027-08-29 23:59:59.000;4
9AE1FE2C;5;2027-08-22 23:59:59.000;4
1F6F7F42;5;2027-08-22 23:59:59.000;4
EA87BD0C;10;2027-08-18 23:59:59.000;4
237CA5A2;3;2027-08-17 23:59:59.000;1
1F6FB022;19;2027-08-16 23:59:59.000;18
9AE1306C;4;2027-08-09 23:59:59.000;2
9AE2A68C;5;2027-08-09 23:59:59.000;2
F1B06ACD;3;2027-08-08 23:59:59.000;2
9AE0B13C;3;2027-08-08 23:59:59.000;2
99B1C78D;5;2027-08-07 23:59:59.000;2
2382BE62;7;2027-08-03 23:59:59.000;2
1F700E02;8;2027-08-03 23:59:59.000;2
99B1FA8D;10;2027-08-03 23:59:59.000;2
E42AAC4D;10;2027-07-31 23:59:59.000;7
9AE11FFC;7;2027-07-31 23:59:59.000;2
142F767C;10;2027-07-30 23:59:59.000;8
F1BAB21D;10;2027-07-29 23:59:59.000;4
EA7DD85C;3;2027-07-29 23:59:59.000;2
1BEB808B;5;2027-07-25 23:59:59.000;4
99B6D82D;10;2027-07-24 23:59:59.000;6
A5827604;10;2027-07-23 23:59:59.000;0
23841AE2;10;2027-07-22 23:59:59.000;0
238461F2;7;2027-07-21 23:59:59.000;2
E367B1A3;30;2027-07-21 23:59:59.000;16
A58378D4;30;2027-07-21 23:59:59.000;0
D9C50AEC;10;2027-07-21 23:59:59.000;8
CBF32517;10;2027-07-20 23:59:59.000;4
0CFCA623;10;2027-07-20 23:59:59.000;4
F1BAA10D;10;2027-07-20 23:59:59.000;8
2385FD62;10;2027-07-18 23:59:59.000;2
39219452;10;2027-07-18 23:59:59.000;4
9AE22F7C;4;2027-07-17 23:59:59.000;2
E42E55FD;10;2027-07-15 23:59:59.000;0
237AA752;9;2027-07-14 23:59:59.000;3
7F4AE68E;10;2027-07-14 23:59:59.000;0
EA72F28C;10;2027-07-14 23:59:59.000;9
09216F32;8;2027-07-14 23:59:59.000;2
C6FD6F2D;9;2027-07-13 23:59:59.000;6
39059792;8;2027-07-13 23:59:59.000;4
F1B0683D;10;2027-07-12 23:59:59.000;8
091F6AB2;10;2027-07-10 23:59:59.000;8
237CAA32;10;2027-07-08 23:59:59.000;6
23861412;10;2027-07-08 23:59:59.000;6
9AE153BC;10;2027-07-07 23:59:59.000;0
9AE1AC8C;5;2027-07-04 23:59:59.000;2
1F6DB702;10;2027-07-03 23:59:59.000;0
9008FF7E;10;2027-07-03 23:59:59.000;0
99B3C47D;10;2027-07-03 23:59:59.000;8
C6F554AD;10;2027-07-03 23:59:59.000;4
1F72BC22;10;2027-07-02 23:59:59.000;2
99B20DCD;10;2027-07-02 23:59:59.000;2
99B15A2D;7;2027-07-01 23:59:59.000;4
091D8F62;10;2027-06-21 23:59:59.000;6
0353E40A;4;2027-06-18 23:59:59.000;2
238578E2;6;2027-06-13 23:59:59.000;0
99B1B4ED;6;2027-06-13 23:59:59.000;0
9AEA2EDC;9;2027-06-13 23:59:59.000;4
EA7CE79C;9;2027-06-13 23:59:59.000;7
23837F92;4;2027-06-10 23:59:59.000;0
1F6DC412;4;2027-06-10 23:59:59.000;0
237AA5D2;6;2027-06-07 23:59:59.000;4
99B3637D;10;2027-06-07 23:59:59.000;6
99BAFEED;8;2027-06-06 23:59:59.000;4
C6E941FD;15;2027-06-05 23:59:59.000;6
1F6BBCE2;6;2027-05-27 23:59:59.000;0
091DD242;6;2027-05-27 23:59:59.000;2
9AE2031C;10;2027-05-25 23:59:59.000;0
9AE1EE5C;7;2027-05-22 23:59:59.000;4
9AE83EBC;8;2027-05-20 23:59:59.000;2
99B456DD;4;2027-05-19 23:59:59.000;2
237AADA2;8;2027-05-17 23:59:59.000;4
237AB072;8;2027-05-17 23:59:59.000;4
1F6DA062;10;2027-05-13 23:59:59.000;8
A583F534;10;2027-05-11 23:59:59.000;2
142A4A6C;4;2027-05-09 23:59:59.000;2
9AEE494C;10;2027-05-06 23:59:59.000;8
1F6EEC62;14;2027-04-29 23:59:59.000;12
1F6FB3D2;14;2027-04-29 23:59:59.000;12
F1BA5C4D;9;2027-04-27 23:59:59.000;8
A5828504;10;2027-04-27 23:59:59.000;2
2384DC72;9;2027-04-26 23:59:59.000;4
09217082;6;2027-04-24 23:59:59.000;2
F1BAF57D;10;2027-04-22 23:59:59.000;2
99BB467D;28;2027-04-21 23:59:59.000;14
F1BA6E0D;10;2027-04-20 23:59:59.000;0
9AE8852C;10;2027-04-20 23:59:59.000;6
1F6DB002;7;2027-04-19 23:59:59.000;2
99BA3F3D;9;2027-04-19 23:59:59.000;6
E42DEEED;7;2027-04-18 23:59:59.000;3
EA7FC6CC;7;2027-04-18 23:59:59.000;2
9AE164FC;20;2027-04-16 23:59:59.000;6
1429F58C;20;2027-04-16 23:59:59.000;6
9AE1BC6C;10;2027-04-10 23:59:59.000;9
F1BAE8FD;5;2027-04-10 23:59:59.000;2
1F6D2812;7;2027-04-08 23:59:59.000;0
23861372;10;2027-04-02 23:59:59.000;6
EA83225C;5;2027-03-30 23:59:59.000;4
9AE13A1C;6;2027-03-30 23:59:59.000;4
0921F2F2;12;2027-03-26 23:59:59.000;6
EA74BDBC;6;2027-03-25 23:59:59.000;2
2387BA42;9;2027-03-18 23:59:59.000;6
9AE22B7C;9;2027-03-18 23:59:59.000;1
EA83E1EC;6;2027-03-16 23:59:59.000;2
EA79A77C;7;2027-03-16 23:59:59.000;1
1F6DC052;5;2027-03-15 23:59:59.000;4
39132E12;5;2027-03-15 23:59:59.000;4
9AE15DCC;9;2027-03-13 23:59:59.000;7
9AEA383C;7;2027-03-12 23:59:59.000;6
F1B5045D;7;2027-03-12 23:59:59.000;6
5EBF488E;10;2027-03-09 23:59:59.000;8
14288FDC;8;2027-03-04 23:59:59.000;4
39057852;8;2027-03-02 23:59:59.000;4
3430BA1C;10;2027-03-02 23:59:59.000;8
C6F9314D;10;2027-02-28 23:59:59.000;2
142A39DC;10;2027-02-28 23:59:59.000;2
142F9FAC;5;2027-02-28 23:59:59.000;3
F1BA19DD;8;2027-02-27 23:59:59.000;4
E424999D;10;2027-02-27 23:59:59.000;0
F1BA159D;10;2027-02-27 23:59:59.000;0
F1B591CD;10;2027-02-27 23:59:59.000;6
A5811534;10;2027-02-27 23:59:59.000;4
F1BA22DD;10;2027-02-27 23:59:59.000;8
F1B57FFD;10;2027-02-27 23:59:59.000;8
99B4177D;7;2027-02-27 23:59:59.000;6
0367FE4A;10;2027-02-26 23:59:59.000;0
091D79B2;10;2027-02-25 23:59:59.000;2
23832312;11;2027-02-25 23:59:59.000;2
EA82A81C;16;2027-02-25 23:59:59.000;14
23828152;10;2027-02-24 23:59:59.000;4
142A34EC;10;2027-02-24 23:59:59.000;8
E42A823D;9;2027-02-24 23:59:59.000;6
1F6BC222;10;2027-02-24 23:59:59.000;4
A58375D4;10;2027-02-23 23:59:59.000;0
A5836C34;9;2027-02-23 23:59:59.000;2
9AE1AB0C;10;2027-02-22 23:59:59.000;6
9AE827BC;10;2027-02-22 23:59:59.000;6
1428809C;7;2027-02-22 23:59:59.000;6
99B932FD;10;2027-02-22 23:59:59.000;2
9001DA0E;5;2027-02-22 23:59:59.000;4
9001EF6E;5;2027-02-22 23:59:59.000;4
E427623D;10;2027-02-21 23:59:59.000;0
6133B030;10;2027-02-21 23:59:59.000;4
F1BA81BD;5;2027-02-21 23:59:59.000;2
F1B5848D;5;2027-02-21 23:59:59.000;2
9AE5AB6C;9;2027-02-21 23:59:59.000;2
9AE22C1C;10;2027-02-20 23:59:59.000;4
EA730D3C;9;2027-02-20 23:59:59.000;6
2385C072;10;2027-02-19 23:59:59.000;4
F1BA1A8D;10;2027-02-18 23:59:59.000;0
A583BF14;10;2027-02-18 23:59:59.000;8
9AE2871C;10;2027-02-18 23:59:59.000;6
F1BAFAED;13;2027-02-17 23:59:59.000;10
5EB7F79E;10;2027-02-17 23:59:59.000;0
5EBA9F0E;10;2027-02-17 23:59:59.000;0
EA8030CC;10;2027-02-17 23:59:59.000;2
9006B27E;9;2027-02-17 23:59:59.000;2
DBF5F19A;10;2027-02-16 23:59:59.000;0
F1BAD13D;5;2027-02-15 23:59:59.000;0
F1BA5F9D;5;2027-02-15 23:59:59.000;0
F1BACABD;10;2027-02-15 23:59:59.000;0
F1BAAF3D;10;2027-02-15 23:59:59.000;0
09225552;8;2027-02-15 23:59:59.000;6
23866172;15;2027-02-12 23:59:59.000;0
23848892;19;2027-02-12 23:59:59.000;0
900670DE;10;2027-02-11 23:59:59.000;6
7F4780BE;5;2027-02-11 23:59:59.000;4
9006AC5E;5;2027-02-11 23:59:59.000;4
900084BE;8;2027-02-10 23:59:59.000;4
7F478FEE;10;2027-02-10 23:59:59.000;4
A5828DA4;10;2027-02-10 23:59:59.000;6
9008F38E;9;2027-02-09 23:59:59.000;2
90035BAE;8;2027-02-09 23:59:59.000;4
1428789C;10;2027-02-09 23:59:59.000;0
9000754E;10;2027-02-09 23:59:59.000;0
7F46FE2E;10;2027-02-09 23:59:59.000;0
7F4A086E;10;2027-02-09 23:59:59.000;8
9001DFFE;10;2027-02-09 23:59:59.000;8
7F4B056E;5;2027-02-09 23:59:59.000;2
7F470BDE;5;2027-02-09 23:59:59.000;4
237A3932;10;2027-02-09 23:59:59.000;2
F1B5407D;5;2027-02-08 23:59:59.000;2
237C3CC2;5;2027-02-08 23:59:59.000;2
9AE15D9C;10;2027-02-08 23:59:59.000;8
237888A2;10;2027-02-04 23:59:59.000;8
A582EED4;7;2027-02-04 23:59:59.000;4
2383BCF2;10;2027-02-03 23:59:59.000;8
23846092;10;2027-02-03 23:59:59.000;8
99B8C93D;10;2027-02-03 23:59:59.000;6
EA82B89C;8;2027-02-03 23:59:59.000;6
99BD026D;10;2027-01-28 23:59:59.000;8
237ACCC2;10;2027-01-17 23:59:59.000;4
2389E592;6;2027-01-01 23:59:59.000;4
9AE5B32C;5;2026-12-30 23:59:59.000;2
99B7217D;5;2026-12-30 23:59:59.000;2
9AEA26CC;4;2026-12-29 23:59:59.000;2
09200172;9;2026-12-28 23:59:59.000;2
99B9A8ED;8;2026-12-27 23:59:59.000;4
1F73FF62;8;2026-12-23 23:59:59.000;3
99B23D1D;10;2026-12-20 23:59:59.000;0
1F6D2742;6;2026-12-18 23:59:59.000;4
A582E234;10;2026-12-09 23:59:59.000;6
9AE227CC;10;2026-12-03 23:59:59.000;0
EA8816FC;5;2026-11-30 23:59:59.000;2
1F6E5AB2;5;2026-11-30 23:59:59.000;4
238A0912;5;2026-11-29 23:59:59.000;4
9AEA300C;10;2026-11-29 23:59:59.000;2
99AEDEDD;10;2026-11-25 23:59:59.000;0
60BFED32;5;2026-11-21 23:59:59.000;4
1F6C7692;5;2026-11-21 23:59:59.000;4
9AE69D6C;10;2026-11-18 23:59:59.000;5
F1BAA42D;5;2026-11-17 23:59:59.000;4
99B8AA6D;5;2026-11-11 23:59:59.000;2
99B5C07D;9;2026-11-05 23:59:59.000;2
A5839204;5;2026-11-04 23:59:59.000;1
EA73506C;5;2026-11-04 23:59:59.000;0
99B2180D;5;2026-11-01 23:59:59.000;4
F1BAFAFD;8;2026-10-29 23:59:59.000;6
9AE2824C;8;2026-10-28 23:59:59.000;4
9C45F6CE;5;2026-10-25 23:59:59.000;0
9AEA303C;5;2026-10-25 23:59:59.000;0
E42EE12D;10;2026-10-19 23:59:59.000;2
C657333A;10;2026-10-15 23:59:59.000;8
142A422C;10;2026-10-08 23:59:59.000;6
F1BA8EAD;10;2026-10-08 23:59:59.000;6
1F729B32;8;2026-10-08 23:59:59.000;6
F1B56E0D;10;2026-10-07 23:59:59.000;8
09209D32;7;2026-09-27 23:59:59.000;6
6CF6CF43;5;2026-09-25 23:59:59.000;2
F1B069AD;5;2026-09-25 23:59:59.000;2
142A117C;10;2026-09-22 23:59:59.000;4
EA7E394C;9;2026-09-21 23:59:59.000;6
F1BE117D;10;2026-09-21 23:59:59.000;2
09221252;9;2026-09-15 23:59:59.000;6
EA79039C;10;2026-09-10 23:59:59.000;0
EA74B68C;9;2026-09-10 23:59:59.000;8
1F6DB822;5;2026-09-10 23:59:59.000;2
9AE1329C;5;2026-09-10 23:59:59.000;2
1F6E5192;10;2026-08-31 23:59:59.000;8
9AE127AC;29;2026-08-26 23:59:59.000;16
99B7518D;5;2026-08-26 23:59:59.000;2
5EBAE54E;5;2026-08-26 23:59:59.000;2
EA7D6E5C;10;2026-08-20 23:59:59.000;8
1F6D4E42;10;2026-08-20 23:59:59.000;8
E42B36BD;7;2026-08-15 23:59:59.000;6
2387BAF2;6;2026-08-05 23:59:59.000;5
A582E704;17;2026-07-31 23:59:59.000;4
092157D2;10;2026-07-30 23:59:59.000;4
09220472;10;2026-07-30 23:59:59.000;4
238A0892;10;2026-07-29 23:59:59.000;6
091E0622;5;2026-07-28 23:59:59.000;4
09225352;9;2026-07-27 23:59:59.000;2
09215062;10;2026-07-27 23:59:59.000;8
1F6C2292;5;2026-07-27 23:59:59.000;4
09220442;8;2026-07-26 23:59:59.000;4
C30B315E;10;2026-07-25 23:59:59.000;0
7B8C7E86;10;2026-07-25 23:59:59.000;0
57272C7D;10;2026-07-25 23:59:59.000;0
1C82DE15;10;2026-07-24 23:59:59.000;2
2388A002;8;2026-07-24 23:59:59.000;2
091DD102;7;2026-07-20 23:59:59.000;6
A583E784;10;2026-07-19 23:59:59.000;0
44624177;30;2026-07-19 23:59:59.000;4
2387E072;10;2026-07-18 23:59:59.000;8
142FC7EC;10;2026-07-18 23:59:59.000;6
1428907C;10;2026-07-17 23:59:59.000;2
1429E5BC;10;2026-07-17 23:59:59.000;2
1429F23C;9;2026-07-16 23:59:59.000;2
1429E29C;10;2026-07-15 23:59:59.000;2
0CFD9543;10;2026-07-15 23:59:59.000;4
1429EE4C;10;2026-07-15 23:59:59.000;6
1F6FBCA2;10;2026-07-08 23:59:59.000;9
9AE1B3BC;10;2026-07-08 23:59:59.000;6
99B647BD;10;2026-07-08 23:59:59.000;6
238A06B2;19;2026-07-06 23:59:59.000;16
1F6D3412;8;2026-07-05 23:59:59.000;4
2387D232;10;2026-07-03 23:59:59.000;0
99AE975D;10;2026-07-03 23:59:59.000;6
2384A452;10;2026-07-03 23:59:59.000;4
9AE1309C;5;2026-07-02 23:59:59.000;2
237A2452;5;2026-06-19 23:59:59.000;4
9AE203CC;5;2026-06-19 23:59:59.000;4
1F6FADC2;5;2026-06-19 23:59:59.000;4
99B4D8ED;10;2026-06-15 23:59:59.000;0
237C20F2;10;2026-05-29 23:59:59.000;4
1427D46C;8;2026-05-26 23:59:59.000;6
23828982;7;2026-05-25 23:59:59.000;4
9AE1540C;8;2026-05-25 23:59:59.000;4
2387E882;5;2026-05-21 23:59:59.000;4
5EC0F85E;10;2026-05-09 23:59:59.000;7
9AE1675C;10;2026-05-09 23:59:59.000;4
57276F4D;5;2026-05-09 23:59:59.000;2
F1BA406D;5;2026-04-30 23:59:59.000;4
9AE278CC;5;2026-04-30 23:59:59.000;4
99BB489D;10;2026-04-23 23:59:59.000;8
F1BAF2CD;8;2026-04-13 23:59:59.000;4
99ADF7CD;10;2026-04-12 23:59:59.000;0
23858FA2;5;2026-04-09 23:59:59.000;1
1F6D37F2;5;2026-04-02 23:59:59.000;4
9AE8D42C;5;2026-04-02 23:59:59.000;4
EA75D02C;8;2026-04-01 23:59:59.000;4
